INSERT INTO NEWSANDUPDATES (NEWS_ID, DESCRIPTION, HEADLINE) VALUES
(1, 'A groundbreaking documentary that dives deep into the pressing issue of climate change has just been released. The film captures the latest research, harrowing real-world examples, and the actions being taken globally to mitigate the impact. Experts, scientists, and activists are featured prominently as they shed light on the environmental crisis.', 'Documentary Highlights Climate Crisis');

INSERT INTO NEWSANDUPDATES (NEWS_ID, DESCRIPTION, HEADLINE) VALUES
(2, 'The latest action-packed blockbuster has taken the world by storm, smashing box office records across the globe. Packed with breathtaking stunts, dazzling special effects, and a star-studded cast, this movie has been praised for its exhilarating pace and high-octane energy. Fans are already clamoring for a sequel.', 'Action Movie Breaks Box Office Records');

INSERT INTO NEWSANDUPDATES (NEWS_ID, DESCRIPTION, HEADLINE) VALUES
(3, 'A beloved anime series has been honored with a prestigious international award, marking a milestone in the show’s history. Known for its beautiful animation and deeply emotional storytelling, the series has captured the hearts of fans worldwide and continues to gain critical acclaim.', 'Award-Winning Anime Now Streaming');

INSERT INTO NEWSANDUPDATES (NEWS_ID, DESCRIPTION, HEADLINE) VALUES
(4, 'Fans of the hit TV show are thrilled as the highly anticipated second season is now airing. The show has returned with even more drama, intrigue, and unexpected twists, picking up right where the thrilling cliffhanger of the first season left off. Critics and audiences alike are hooked on the latest developments.', 'Fan-Favorite Show Returns for Season 2');

INSERT INTO NEWSANDUPDATES (NEWS_ID, DESCRIPTION, HEADLINE) VALUES
(5, 'One of the industry’s top directors has officially announced a new movie, sending waves of excitement through the film world. The director, known for their unique visual style and storytelling, has promised this upcoming project will be unlike anything fans have seen before. Speculation about the cast and plot is already spreading online.', 'Director Unveils Upcoming Movie');

INSERT INTO NEWSANDUPDATES (NEWS_ID, DESCRIPTION, HEADLINE) VALUES
(6, 'A popular streaming service has expanded its catalog by adding a selection of classic films that have shaped the cinematic landscape. These timeless movies from the golden age of Hollywood are now available for a new generation of viewers to discover and enjoy. Film enthusiasts are celebrating the accessibility of these important works.', 'Classic Movies Now Available on Streaming');

INSERT INTO NEWSANDUPDATES (NEWS_ID, DESCRIPTION, HEADLINE) VALUES
(7, 'A new thriller movie has generated a massive buzz online, with fans and critics alike talking about its gripping plot, unexpected twists, and edge-of-your-seat suspense. The film’s intense narrative has sparked countless fan theories, making it one of the most discussed movies on social media in recent weeks.', 'Thriller Film Gains Massive Popularity');

INSERT INTO NEWSANDUPDATES (NEWS_ID, DESCRIPTION, HEADLINE) VALUES
(8, 'The finale of a long-running TV series has left fans divided, with many expressing mixed feelings about how the story concluded. While some praised the show for its bold choices and emotional weight, others were disappointed by the direction the ending took. The finale has ignited passionate debates online and in fan forums.', 'Mixed Reactions to TV Show Finale');

INSERT INTO NEWSANDUPDATES (NEWS_ID, DESCRIPTION, HEADLINE) VALUES
(9, 'A major partnership between a well-known film company and a top Hollywood producer has been announced. The collaboration is expected to produce several blockbuster movies in the coming years. Industry insiders are calling this a game-changing move, as both parties bring significant resources and talent to the table.', 'Major Film Partnership Announced');

INSERT INTO NEWSANDUPDATES (NEWS_ID, DESCRIPTION, HEADLINE) VALUES
(10, 'A powerful environmental documentary has been recognized with a prestigious award for its impactful storytelling and compelling message. The film highlights pressing environmental issues, particularly those related to climate change and sustainability, and has sparked discussions among viewers on the need for urgent action.', 'Environmental Documentary Wins Top Honors');

INSERT INTO NEWSANDUPDATES (NEWS_ID, DESCRIPTION, HEADLINE) VALUES
(11, 'An animated film has climbed to the top of the charts, breaking box office records worldwide. The movie’s stunning visuals, heartwarming story, and strong emotional core have made it a hit with both children and adults, cementing its place as a global phenomenon.', 'Animated Movie is a Global Hit');

INSERT INTO NEWSANDUPDATES (NEWS_ID, DESCRIPTION, HEADLINE) VALUES
(12, 'A popular director has been teasing their next big project, sending fans into a frenzy of speculation. Known for creating some of the most innovative and genre-defying films, the director has hinted that this new movie will be a bold departure from their previous work, sparking excitement and curiosity across the industry.', 'Director Teases New Movie Project');

INSERT INTO NEWSANDUPDATES (NEWS_ID, DESCRIPTION, HEADLINE) VALUES
(13, 'A new science fiction series promises to push the boundaries of what’s visually possible on television. With groundbreaking special effects and innovative cinematography, the show is expected to set a new standard for the genre, offering viewers a truly immersive experience into its futuristic world.', 'Sci-Fi Show Pushes Visual Boundaries');

INSERT INTO NEWSANDUPDATES (NEWS_ID, DESCRIPTION, HEADLINE) VALUES
(14, 'A romantic comedy has quickly become an instant hit, winning over audiences with its witty dialogue, charming performances, and heartfelt moments. The film’s portrayal of love and relationships has resonated with viewers, making it a standout among recent releases in the genre.', 'Romantic Comedy Wins Over Audiences');

INSERT INTO NEWSANDUPDATES (NEWS_ID, DESCRIPTION, HEADLINE) VALUES
(15, 'A controversial horror film has sparked heated debates among fans and critics. The movie’s bold narrative choices and shocking scenes have divided audiences, with some praising its daring approach and others criticizing it for going too far. The controversy has only fueled interest, driving more people to watch and weigh in on the conversation.', 'Controversial Horror Film Divides Fans');




INSERT INTO NEWSTOMEDIA (MEDIA_ID, NEWS_ID, NEWS_DATE) VALUES
(3, 1, TO_DATE('2023-01-15', 'YYYY-MM-DD'));

INSERT INTO NEWSTOMEDIA (MEDIA_ID, NEWS_ID, NEWS_DATE) VALUES
(6, 2, TO_DATE('2023-02-10', 'YYYY-MM-DD'));

INSERT INTO NEWSTOMEDIA (MEDIA_ID, NEWS_ID, NEWS_DATE) VALUES
(47, 3, TO_DATE('2023-03-05', 'YYYY-MM-DD'));

INSERT INTO NEWSTOMEDIA (MEDIA_ID, NEWS_ID, NEWS_DATE) VALUES
(7, 4, TO_DATE('2023-04-20', 'YYYY-MM-DD'));

INSERT INTO NEWSTOMEDIA (MEDIA_ID, NEWS_ID, NEWS_DATE) VALUES
(9, 5, TO_DATE('2023-05-18', 'YYYY-MM-DD'));

INSERT INTO NEWSTOMEDIA (MEDIA_ID, NEWS_ID, NEWS_DATE) VALUES
(41, 6, TO_DATE('2023-06-11', 'YYYY-MM-DD'));

INSERT INTO NEWSTOMEDIA (MEDIA_ID, NEWS_ID, NEWS_DATE) VALUES
(44, 7, TO_DATE('2023-07-22', 'YYYY-MM-DD'));

INSERT INTO NEWSTOMEDIA (MEDIA_ID, NEWS_ID, NEWS_DATE) VALUES
(45, 8, TO_DATE('2023-08-02', 'YYYY-MM-DD'));

INSERT INTO NEWSTOMEDIA (MEDIA_ID, NEWS_ID, NEWS_DATE) VALUES
(46, 9, TO_DATE('2023-08-25', 'YYYY-MM-DD'));

INSERT INTO NEWSTOMEDIA (MEDIA_ID, NEWS_ID, NEWS_DATE) VALUES
(47, 10, TO_DATE('2023-09-15', 'YYYY-MM-DD'));

INSERT INTO NEWSTOMEDIA (MEDIA_ID, NEWS_ID, NEWS_DATE) VALUES
(49, 11, TO_DATE('2023-09-30', 'YYYY-MM-DD'));

INSERT INTO NEWSTOMEDIA (MEDIA_ID, NEWS_ID, NEWS_DATE) VALUES
(51, 12, TO_DATE('2023-10-05', 'YYYY-MM-DD'));

INSERT INTO NEWSTOMEDIA (MEDIA_ID, NEWS_ID, NEWS_DATE) VALUES
(57, 13, TO_DATE('2023-10-22', 'YYYY-MM-DD'));

INSERT INTO NEWSTOMEDIA (MEDIA_ID, NEWS_ID, NEWS_DATE) VALUES
(59, 14, TO_DATE('2023-11-07', 'YYYY-MM-DD'));

INSERT INTO NEWSTOMEDIA (MEDIA_ID, NEWS_ID, NEWS_DATE) VALUES
(19, 15, TO_DATE('2023-11-19', 'YYYY-MM-DD'));




INSERT INTO COMPANYGIVENEWS (NEWS_ID, COM_ID, NEWS_DATE) VALUES
(1, 1, TO_DATE('2023-01-15', 'YYYY-MM-DD'));

INSERT INTO COMPANYGIVENEWS (NEWS_ID, COM_ID, NEWS_DATE) VALUES
(2, 2, TO_DATE('2023-02-10', 'YYYY-MM-DD'));

INSERT INTO COMPANYGIVENEWS (NEWS_ID, COM_ID, NEWS_DATE) VALUES
(3, 3, TO_DATE('2023-03-05', 'YYYY-MM-DD'));

INSERT INTO COMPANYGIVENEWS (NEWS_ID, COM_ID, NEWS_DATE) VALUES
(4, 4, TO_DATE('2023-04-20', 'YYYY-MM-DD'));

INSERT INTO COMPANYGIVENEWS (NEWS_ID, COM_ID, NEWS_DATE) VALUES
(5, 5, TO_DATE('2023-05-18', 'YYYY-MM-DD'));

INSERT INTO COMPANYGIVENEWS (NEWS_ID, COM_ID, NEWS_DATE) VALUES
(6, 6, TO_DATE('2023-06-11', 'YYYY-MM-DD'));

INSERT INTO COMPANYGIVENEWS (NEWS_ID, COM_ID, NEWS_DATE) VALUES
(7, 7, TO_DATE('2023-07-22', 'YYYY-MM-DD'));

INSERT INTO COMPANYGIVENEWS (NEWS_ID, COM_ID, NEWS_DATE) VALUES
(8, 8, TO_DATE('2023-08-02', 'YYYY-MM-DD'));

INSERT INTO COMPANYGIVENEWS (NEWS_ID, COM_ID, NEWS_DATE) VALUES
(9, 9, TO_DATE('2023-08-25', 'YYYY-MM-DD'));

INSERT INTO COMPANYGIVENEWS (NEWS_ID, COM_ID, NEWS_DATE) VALUES
(10, 10, TO_DATE('2023-09-15', 'YYYY-MM-DD'));

INSERT INTO COMPANYGIVENEWS (NEWS_ID, COM_ID, NEWS_DATE) VALUES
(11, 11, TO_DATE('2023-09-30', 'YYYY-MM-DD'));

INSERT INTO COMPANYGIVENEWS (NEWS_ID, COM_ID, NEWS_DATE) VALUES
(12, 12, TO_DATE('2023-10-05', 'YYYY-MM-DD'));

INSERT INTO COMPANYGIVENEWS (NEWS_ID, COM_ID, NEWS_DATE) VALUES
(13, 13, TO_DATE('2023-10-22', 'YYYY-MM-DD'));

INSERT INTO COMPANYGIVENEWS (NEWS_ID, COM_ID, NEWS_DATE) VALUES
(14, 14, TO_DATE('2023-11-07', 'YYYY-MM-DD'));

INSERT INTO COMPANYGIVENEWS (NEWS_ID, COM_ID, NEWS_DATE) VALUES
(15, 30, TO_DATE('2023-11-19', 'YYYY-MM-DD'));


